CREATE DATABASE 'localhost:c:\fortes\DBPOSTO.fdb'
USER 'SYSDBA' PASSWORD 'masterkey'
PAGE_SIZE 8192 DEFAULT CHARACTER SET UTF8;

CREATE TABLE BOMBA (
  CDBOMBA int not null primary key,
  DESCRBOMBA varchar(30));

CREATE TABLE TANQUE (
  CDTANQUE int not null primary key,
  DESCRTANQUE varchar(30));

CREATE TABLE REGISTRO (
  CDREGISTRO in not null primary key,
  CDTANQUE int not null,
  CDBOMBA int not null,
  DTABASTECIMENTO timestamp default current_timestamp,
  LITROS float,
  VALOR float,
  IMPOSTO float);


INSERT INTO BOMBA (CDBOMBA, DESCRBOMBA) VALUES (1, 'BOMBA 1');
INSERT INTO BOMBA (CDBOMBA, DESCRBOMBA) VALUES (2, 'BOMBA 2');

INSERT INTO TANQUE (CDTANQUE, DESCRTANQUE) VALUES (1, 'GASOLINA');
INSERT INTO TANQUE (CDTANQUE, DESCRTANQUE) VALUES (2, 'OLEO DIESEL');


INSERT INTO REGISTRO (CDREGISTRO, CDTANQUE, CDBOMBA, DTABASTECIMENTO, LITROS, VALOR, IMPOSTO) VALUES (1, 1, 1, '15-SEP-2022', 10, 50, 6.5);
INSERT INTO REGISTRO (CDREGISTRO, CDTANQUE, CDBOMBA, DTABASTECIMENTO, LITROS, VALOR, IMPOSTO) VALUES (2, 2, 1, '15-SEP-2022', 20, 100, 13);
INSERT INTO REGISTRO (CDREGISTRO, CDTANQUE, CDBOMBA, DTABASTECIMENTO, LITROS, VALOR, IMPOSTO) VALUES (3, 1, 2, '15-SEP-2022', 5, 25, 3.25);
INSERT INTO REGISTRO (CDREGISTRO, CDTANQUE, CDBOMBA, DTABASTECIMENTO, LITROS, VALOR, IMPOSTO) VALUES (4, 2, 2, '15-SEP-2022', 50, 250, 32.5);
INSERT INTO REGISTRO (CDREGISTRO, CDTANQUE, CDBOMBA, DTABASTECIMENTO, LITROS, VALOR, IMPOSTO) VALUES (5, 1, 2, '15-SEP-2022', 15, 75, 9.75);
INSERT INTO REGISTRO (CDREGISTRO, CDTANQUE, CDBOMBA, DTABASTECIMENTO, LITROS, VALOR, IMPOSTO) VALUES (6, 1, 1, '16-SEP-2022', 10, 50, 6.5);
INSERT INTO REGISTRO (CDREGISTRO, CDTANQUE, CDBOMBA, DTABASTECIMENTO, LITROS, VALOR, IMPOSTO) VALUES (7, 1, 1, '16-SEP-2022', 10, 75, 9.75);
INSERT INTO REGISTRO (CDREGISTRO, CDTANQUE, CDBOMBA, DTABASTECIMENTO, LITROS, VALOR, IMPOSTO) VALUES (8, 2, 2, '16-SEP-2022', 20, 100, 13);
INSERT INTO REGISTRO (CDREGISTRO, CDTANQUE, CDBOMBA, DTABASTECIMENTO, LITROS, VALOR, IMPOSTO) VALUES (9, 2, 2, '15-SEP-2022', 50, 250, 32.5);
INSERT INTO REGISTRO (CDREGISTRO, CDTANQUE, CDBOMBA, DTABASTECIMENTO, LITROS, VALOR, IMPOSTO) VALUES (10, 2, 1, '15-SEP-2022', 15, 75, 9.75);



